rank_data,instance_id,axis,qerr_data,plan_change_data,x1_data,x2_data,source_root_data,source_label_data,rank_selectivity,qerr_selectivity,plan_change_selectivity,x1_selectivity,x2_selectivity,source_root_selectivity,source_label_selectivity,qerr_delta,qerr_ratio,prefer,absolute_improvement,relative_improvement,plan_change_agreement
1,153,2,1057.312500,True,7555.733333,12461.944444,gt_results_sf1_qt8_10x10_m0,data-space sampling,3,1.406982,True,7270.635000,11531.250000,gt_results_sf1_qt8_10x10_m1,selectivity-space sampling,1055.905518,751.475329,selectivity-space sampling,1055.905518,750.475329,True
2,162,2,1039.869822,True,8777.726667,12461.944444,gt_results_sf1_qt8_10x10_m0,data-space sampling,5,1.381203,True,8347.116500,11531.250000,gt_results_sf1_qt8_10x10_m1,selectivity-space sampling,1038.488619,752.872370,selectivity-space sampling,1038.488619,751.872370,True
3,171,2,1002.735632,True,9999.720000,12461.944444,gt_results_sf1_qt8_10x10_m0,data-space sampling,2,1.459791,True,9449.346500,11531.250000,gt_results_sf1_qt8_10x10_m1,selectivity-space sampling,1001.275842,686.903793,selectivity-space sampling,1001.275842,685.903793,True
4,126,2,785.517442,True,3889.753333,12461.944444,gt_results_sf1_qt8_10x10_m0,data-space sampling,73,1.133871,True,3963.788000,11531.250000,gt_results_sf1_qt8_10x10_m1,selectivity-space sampling,784.383571,692.775118,selectivity-space sampling,784.383571,691.775118,True
5,135,2,698.584158,True,5111.746667,12461.944444,gt_results_sf1_qt8_10x10_m0,data-space sampling,57,1.162286,True,5091.417000,11531.250000,gt_results_sf1_qt8_10x10_m1,selectivity-space sampling,697.421872,601.043064,selectivity-space sampling,697.421872,600.043064,True
6,144,2,684.482759,True,6333.740000,12461.944444,gt_results_sf1_qt8_10x10_m0,data-space sampling,6,1.374376,True,6136.231500,11531.250000,gt_results_sf1_qt8_10x10_m1,selectivity-space sampling,683.108382,498.031613,selectivity-space sampling,683.108382,497.031613,True
7,108,2,653.274725,True,1445.766667,12461.944444,gt_results_sf1_qt8_10x10_m0,data-space sampling,174,1.009018,True,1770.717500,11531.250000,gt_results_sf1_qt8_10x10_m1,selectivity-space sampling,652.265707,647.435948,selectivity-space sampling,652.265707,646.435948,True
8,99,2,490.577114,True,223.773333,12461.944444,gt_results_sf1_qt8_10x10_m0,data-space sampling,164,1.015397,True,654.570500,11531.250000,gt_results_sf1_qt8_10x10_m1,selectivity-space sampling,489.561718,483.138368,selectivity-space sampling,489.561718,482.138368,True
9,117,2,219.667864,True,2667.760000,12461.944444,gt_results_sf1_qt8_10x10_m0,data-space sampling,37,1.203354,True,2890.214500,11531.250000,gt_results_sf1_qt8_10x10_m1,selectivity-space sampling,218.464510,182.546349,selectivity-space sampling,218.464510,181.546349,True
10,5,1,44.981240,True,223.773333,58705.722222,gt_results_sf1_qt8_10x10_m0,data-space sampling,20,1.256387,True,654.570500,40321.260000,gt_results_sf1_qt8_10x10_m1,selectivity-space sampling,43.724853,35.802047,selectivity-space sampling,43.724853,34.802047,True
11,3,1,43.755635,True,223.773333,35583.833333,gt_results_sf1_qt8_10x10_m0,data-space sampling,94,1.100583,True,654.570500,25930.880000,gt_results_sf1_qt8_10x10_m1,selectivity-space sampling,42.655052,39.756782,selectivity-space sampling,42.655052,38.756782,True
12,2,1,41.625698,True,223.773333,24022.888889,gt_results_sf1_qt8_10x10_m0,data-space sampling,149,1.034901,True,654.570500,18739.100000,gt_results_sf1_qt8_10x10_m1,selectivity-space sampling,40.590798,40.221923,selectivity-space sampling,40.590798,39.221923,True
13,4,1,41.519753,True,223.773333,47144.777778,gt_results_sf1_qt8_10x10_m0,data-space sampling,65,1.144292,True,654.570500,33132.840000,gt_results_sf1_qt8_10x10_m1,selectivity-space sampling,40.375461,36.284229,selectivity-space sampling,40.375461,35.284229,True
14,1,1,40.595307,True,223.773333,12461.944444,gt_results_sf1_qt8_10x10_m0,data-space sampling,159,1.021153,True,654.570500,11531.250000,gt_results_sf1_qt8_10x10_m1,selectivity-space sampling,39.574154,39.754381,selectivity-space sampling,39.574154,38.754381,True
15,8,1,39.156335,True,223.773333,93388.555556,gt_results_sf1_qt8_10x10_m0,data-space sampling,48,1.177708,True,654.570500,64719.730000,gt_results_sf1_qt8_10x10_m1,selectivity-space sampling,37.978627,33.247923,selectivity-space sampling,37.978627,32.247923,True
16,6,1,37.523930,True,223.773333,70266.666667,gt_results_sf1_qt8_10x10_m0,data-space sampling,16,1.288125,True,654.570500,47521.750000,gt_results_sf1_qt8_10x10_m1,selectivity-space sampling,36.235805,29.130653,selectivity-space sampling,36.235805,28.130653,True
17,9,1,35.719106,True,223.773333,104949.500000,gt_results_sf1_qt8_10x10_m0,data-space sampling,15,1.294632,True,654.570500,79511.310000,gt_results_sf1_qt8_10x10_m1,selectivity-space sampling,34.424474,27.590159,selectivity-space sampling,34.424474,26.590159,True
18,7,1,34.261665,True,223.773333,81827.611111,gt_results_sf1_qt8_10x10_m0,data-space sampling,13,1.300885,True,654.570500,55158.940000,gt_results_sf1_qt8_10x10_m1,selectivity-space sampling,32.960780,26.337190,selectivity-space sampling,32.960780,25.337190,True
19,90,2,8.233898,True,-998.220000,12461.944444,gt_results_sf1_qt8_10x10_m0,data-space sampling,172,1.010943,True,-453.163000,11531.250000,gt_results_sf1_qt8_10x10_m1,selectivity-space sampling,7.222956,8.144773,selectivity-space sampling,7.222956,7.144773,True
20,30,1,3.238372,False,3889.753333,901.000000,gt_results_sf1_qt8_10x10_m0,data-space sampling,112,1.077527,False,3963.788000,4285.170000,gt_results_sf1_qt8_10x10_m1,selectivity-space sampling,2.160845,3.005374,selectivity-space sampling,2.160845,2.005374,True
21,20,1,3.060440,False,2667.760000,901.000000,gt_results_sf1_qt8_10x10_m0,data-space sampling,161,1.018247,False,2890.214500,4285.170000,gt_results_sf1_qt8_10x10_m1,selectivity-space sampling,2.042192,3.005595,selectivity-space sampling,2.042192,2.005595,True
22,0,1,1.467662,True,223.773333,901.000000,gt_results_sf1_qt8_10x10_m0,data-space sampling,152,1.025652,True,654.570500,4285.170000,gt_results_sf1_qt8_10x10_m1,selectivity-space sampling,0.442010,1.430955,selectivity-space sampling,0.442010,0.430955,True
23,60,1,1.450000,False,7555.733333,901.000000,gt_results_sf1_qt8_10x10_m0,data-space sampling,137,1.050337,False,7270.635000,4285.170000,gt_results_sf1_qt8_10x10_m1,selectivity-space sampling,0.399663,1.380510,selectivity-space sampling,0.399663,0.380510,True
24,172,2,1.384351,False,9999.720000,24022.888889,gt_results_sf1_qt8_10x10_m0,data-space sampling,9,1.325198,False,9449.346500,18739.100000,gt_results_sf1_qt8_10x10_m1,selectivity-space sampling,0.059153,1.044637,selectivity-space sampling,0.059153,0.044637,True
25,17,1,1.380014,False,1445.766667,81827.611111,gt_results_sf1_qt8_10x10_m0,data-space sampling,10,1.318665,False,1770.717500,55158.940000,gt_results_sf1_qt8_10x10_m1,selectivity-space sampling,0.061349,1.046524,selectivity-space sampling,0.061349,0.046524,True
26,163,2,1.374478,True,8777.726667,24022.888889,gt_results_sf1_qt8_10x10_m0,data-space sampling,26,1.249100,True,8347.116500,18739.100000,gt_results_sf1_qt8_10x10_m1,selectivity-space sampling,0.125378,1.100375,selectivity-space sampling,0.125378,0.100375,True
27,136,2,1.342319,False,5111.746667,24022.888889,gt_results_sf1_qt8_10x10_m0,data-space sampling,27,1.236755,False,5091.417000,18739.100000,gt_results_sf1_qt8_10x10_m1,selectivity-space sampling,0.105564,1.085355,selectivity-space sampling,0.105564,0.085355,True
28,154,2,1.336957,False,7555.733333,24022.888889,gt_results_sf1_qt8_10x10_m0,data-space sampling,42,1.187882,False,7270.635000,18739.100000,gt_results_sf1_qt8_10x10_m1,selectivity-space sampling,0.149075,1.125496,selectivity-space sampling,0.149075,0.125496,True
29,18,1,1.326439,False,1445.766667,93388.555556,gt_results_sf1_qt8_10x10_m0,data-space sampling,1,1.466096,False,1770.717500,64719.730000,gt_results_sf1_qt8_10x10_m1,selectivity-space sampling,-0.139657,0.904742,data-space sampling,0.139657,0.105287,True
30,164,2,1.325786,True,8777.726667,35583.833333,gt_results_sf1_qt8_10x10_m0,data-space sampling,88,1.107085,False,8347.116500,25930.880000,gt_results_sf1_qt8_10x10_m1,selectivity-space sampling,0.218701,1.197546,selectivity-space sampling,0.218701,0.197546,False
31,173,2,1.307209,True,9999.720000,35583.833333,gt_results_sf1_qt8_10x10_m0,data-space sampling,35,1.213122,False,9449.346500,25930.880000,gt_results_sf1_qt8_10x10_m1,selectivity-space sampling,0.094087,1.077558,selectivity-space sampling,0.094087,0.077558,False
32,16,1,1.293686,False,1445.766667,70266.666667,gt_results_sf1_qt8_10x10_m0,data-space sampling,8,1.332263,False,1770.717500,47521.750000,gt_results_sf1_qt8_10x10_m1,selectivity-space sampling,-0.038577,0.971044,data-space sampling,0.038577,0.029819,True
33,145,2,1.292582,False,6333.740000,24022.888889,gt_results_sf1_qt8_10x10_m0,data-space sampling,85,1.109378,False,6136.231500,18739.100000,gt_results_sf1_qt8_10x10_m1,selectivity-space sampling,0.183203,1.165141,selectivity-space sampling,0.183203,0.165141,True
34,37,1,1.292273,True,3889.753333,81827.611111,gt_results_sf1_qt8_10x10_m0,data-space sampling,102,1.089469,False,3963.788000,55158.940000,gt_results_sf1_qt8_10x10_m1,selectivity-space sampling,0.202804,1.186150,selectivity-space sampling,0.202804,0.186150,False
35,15,1,1.285574,False,1445.766667,58705.722222,gt_results_sf1_qt8_10x10_m0,data-space sampling,61,1.151988,False,1770.717500,40321.260000,gt_results_sf1_qt8_10x10_m1,selectivity-space sampling,0.133586,1.115962,selectivity-space sampling,0.133586,0.115962,True
36,39,1,1.269242,True,3889.753333,104949.500000,gt_results_sf1_qt8_10x10_m0,data-space sampling,7,1.332369,True,3963.788000,79511.310000,gt_results_sf1_qt8_10x10_m1,selectivity-space sampling,-0.063126,0.952621,data-space sampling,0.063126,0.049736,True
37,156,2,1.265696,True,7555.733333,47144.777778,gt_results_sf1_qt8_10x10_m0,data-space sampling,71,1.133904,False,7270.635000,33132.840000,gt_results_sf1_qt8_10x10_m1,selectivity-space sampling,0.131792,1.116229,selectivity-space sampling,0.131792,0.116229,False
38,29,1,1.264070,False,2667.760000,104949.500000,gt_results_sf1_qt8_10x10_m0,data-space sampling,43,1.184027,False,2890.214500,79511.310000,gt_results_sf1_qt8_10x10_m1,selectivity-space sampling,0.080042,1.067602,selectivity-space sampling,0.080042,0.067602,True
39,147,2,1.261308,True,6333.740000,47144.777778,gt_results_sf1_qt8_10x10_m0,data-space sampling,74,1.132671,False,6136.231500,33132.840000,gt_results_sf1_qt8_10x10_m1,selectivity-space sampling,0.128637,1.113570,selectivity-space sampling,0.128637,0.113570,False
40,155,2,1.258426,False,7555.733333,35583.833333,gt_results_sf1_qt8_10x10_m0,data-space sampling,33,1.221584,False,7270.635000,25930.880000,gt_results_sf1_qt8_10x10_m1,selectivity-space sampling,0.036842,1.030159,selectivity-space sampling,0.036842,0.030159,True
41,95,2,1.255644,False,-998.220000,70266.666667,gt_results_sf1_qt8_10x10_m0,data-space sampling,171,1.012526,False,-453.163000,47521.750000,gt_results_sf1_qt8_10x10_m1,selectivity-space sampling,0.243117,1.240110,selectivity-space sampling,0.243117,0.240110,True
42,38,1,1.255477,True,3889.753333,93388.555556,gt_results_sf1_qt8_10x10_m0,data-space sampling,90,1.104035,False,3963.788000,64719.730000,gt_results_sf1_qt8_10x10_m1,selectivity-space sampling,0.151441,1.137171,selectivity-space sampling,0.151441,0.137171,False
43,24,1,1.254717,False,2667.760000,47144.777778,gt_results_sf1_qt8_10x10_m0,data-space sampling,19,1.272130,False,2890.214500,33132.840000,gt_results_sf1_qt8_10x10_m1,selectivity-space sampling,-0.017413,0.986312,data-space sampling,0.017413,0.013878,True
44,13,1,1.254585,False,1445.766667,35583.833333,gt_results_sf1_qt8_10x10_m0,data-space sampling,69,1.140328,False,1770.717500,25930.880000,gt_results_sf1_qt8_10x10_m1,selectivity-space sampling,0.114258,1.100197,selectivity-space sampling,0.114258,0.100197,True
45,19,1,1.244740,False,1445.766667,104949.500000,gt_results_sf1_qt8_10x10_m0,data-space sampling,4,1.382960,False,1770.717500,79511.310000,gt_results_sf1_qt8_10x10_m1,selectivity-space sampling,-0.138220,0.900055,data-space sampling,0.138220,0.111044,True
46,26,1,1.241141,False,2667.760000,70266.666667,gt_results_sf1_qt8_10x10_m0,data-space sampling,21,1.255525,False,2890.214500,47521.750000,gt_results_sf1_qt8_10x10_m1,selectivity-space sampling,-0.014383,0.988544,data-space sampling,0.014383,0.011589,True
47,127,2,1.229703,False,3889.753333,24022.888889,gt_results_sf1_qt8_10x10_m0,data-space sampling,29,1.226659,False,3963.788000,18739.100000,gt_results_sf1_qt8_10x10_m1,selectivity-space sampling,0.003045,1.002482,selectivity-space sampling,0.003045,0.002482,True
48,174,2,1.223765,False,9999.720000,47144.777778,gt_results_sf1_qt8_10x10_m0,data-space sampling,14,1.295936,True,9449.346500,33132.840000,gt_results_sf1_qt8_10x10_m1,selectivity-space sampling,-0.072172,0.944309,data-space sampling,0.072172,0.058975,False
49,137,2,1.219898,False,5111.746667,35583.833333,gt_results_sf1_qt8_10x10_m0,data-space sampling,24,1.250041,False,5091.417000,25930.880000,gt_results_sf1_qt8_10x10_m1,selectivity-space sampling,-0.030144,0.975886,data-space sampling,0.030144,0.024710,True
50,46,1,1.215858,True,5111.746667,70266.666667,gt_results_sf1_qt8_10x10_m0,data-space sampling,25,1.249155,True,5091.417000,47521.750000,gt_results_sf1_qt8_10x10_m1,selectivity-space sampling,-0.033297,0.973344,data-space sampling,0.033297,0.027386,True
51,35,1,1.213224,False,3889.753333,58705.722222,gt_results_sf1_qt8_10x10_m0,data-space sampling,75,1.130141,False,3963.788000,40321.260000,gt_results_sf1_qt8_10x10_m1,selectivity-space sampling,0.083083,1.073516,selectivity-space sampling,0.083083,0.073516,True
52,28,1,1.206183,False,2667.760000,93388.555556,gt_results_sf1_qt8_10x10_m0,data-space sampling,41,1.192264,False,2890.214500,64719.730000,gt_results_sf1_qt8_10x10_m1,selectivity-space sampling,0.013919,1.011674,selectivity-space sampling,0.013919,0.011674,True
53,11,1,1.205768,False,1445.766667,12461.944444,gt_results_sf1_qt8_10x10_m0,data-space sampling,129,1.061248,False,1770.717500,11531.250000,gt_results_sf1_qt8_10x10_m1,selectivity-space sampling,0.144520,1.136179,selectivity-space sampling,0.144520,0.136179,True
54,14,1,1.203599,False,1445.766667,47144.777778,gt_results_sf1_qt8_10x10_m0,data-space sampling,67,1.142177,False,1770.717500,33132.840000,gt_results_sf1_qt8_10x10_m1,selectivity-space sampling,0.061422,1.053777,selectivity-space sampling,0.061422,0.053777,True
55,25,1,1.198851,False,2667.760000,58705.722222,gt_results_sf1_qt8_10x10_m0,data-space sampling,50,1.173277,False,2890.214500,40321.260000,gt_results_sf1_qt8_10x10_m1,selectivity-space sampling,0.025573,1.021797,selectivity-space sampling,0.025573,0.021797,True
56,146,2,1.198322,False,6333.740000,35583.833333,gt_results_sf1_qt8_10x10_m0,data-space sampling,36,1.209158,False,6136.231500,25930.880000,gt_results_sf1_qt8_10x10_m1,selectivity-space sampling,-0.010836,0.991039,data-space sampling,0.010836,0.009042,True
57,139,2,1.194971,True,5111.746667,58705.722222,gt_results_sf1_qt8_10x10_m0,data-space sampling,46,1.181719,False,5091.417000,40321.260000,gt_results_sf1_qt8_10x10_m1,selectivity-space sampling,0.013252,1.011214,selectivity-space sampling,0.013252,0.011214,False
58,118,2,1.194720,False,2667.760000,24022.888889,gt_results_sf1_qt8_10x10_m0,data-space sampling,63,1.150606,False,2890.214500,18739.100000,gt_results_sf1_qt8_10x10_m1,selectivity-space sampling,0.044115,1.038340,selectivity-space sampling,0.044115,0.038340,True
59,27,1,1.194180,False,2667.760000,81827.611111,gt_results_sf1_qt8_10x10_m0,data-space sampling,60,1.152397,False,2890.214500,55158.940000,gt_results_sf1_qt8_10x10_m1,selectivity-space sampling,0.041783,1.036258,selectivity-space sampling,0.041783,0.036258,True
60,128,2,1.192508,False,3889.753333,35583.833333,gt_results_sf1_qt8_10x10_m0,data-space sampling,39,1.197624,False,3963.788000,25930.880000,gt_results_sf1_qt8_10x10_m1,selectivity-space sampling,-0.005117,0.995728,data-space sampling,0.005117,0.004291,True
61,120,2,1.188486,False,2667.760000,47144.777778,gt_results_sf1_qt8_10x10_m0,data-space sampling,104,1.086744,False,2890.214500,33132.840000,gt_results_sf1_qt8_10x10_m1,selectivity-space sampling,0.101742,1.093621,selectivity-space sampling,0.101742,0.093621,True
62,54,1,1.185006,True,6333.740000,47144.777778,gt_results_sf1_qt8_10x10_m0,data-space sampling,89,1.104428,False,6136.231500,33132.840000,gt_results_sf1_qt8_10x10_m1,selectivity-space sampling,0.080578,1.072959,selectivity-space sampling,0.080578,0.072959,False
63,12,1,1.183054,False,1445.766667,24022.888889,gt_results_sf1_qt8_10x10_m0,data-space sampling,100,1.091901,False,1770.717500,18739.100000,gt_results_sf1_qt8_10x10_m1,selectivity-space sampling,0.091153,1.083481,selectivity-space sampling,0.091153,0.083481,True
64,45,1,1.182729,True,5111.746667,58705.722222,gt_results_sf1_qt8_10x10_m0,data-space sampling,58,1.158709,True,5091.417000,40321.260000,gt_results_sf1_qt8_10x10_m1,selectivity-space sampling,0.024020,1.020730,selectivity-space sampling,0.024020,0.020730,True
65,59,1,1.176598,False,6333.740000,104949.500000,gt_results_sf1_qt8_10x10_m0,data-space sampling,105,1.085909,False,6136.231500,79511.310000,gt_results_sf1_qt8_10x10_m1,selectivity-space sampling,0.090689,1.083515,selectivity-space sampling,0.090689,0.083515,True
66,40,1,1.174419,False,5111.746667,901.000000,gt_results_sf1_qt8_10x10_m0,data-space sampling,179,1.002107,False,5091.417000,4285.170000,gt_results_sf1_qt8_10x10_m1,selectivity-space sampling,0.172312,1.171950,selectivity-space sampling,0.172312,0.171950,True
67,36,1,1.172325,False,3889.753333,70266.666667,gt_results_sf1_qt8_10x10_m0,data-space sampling,167,1.014619,False,3963.788000,47521.750000,gt_results_sf1_qt8_10x10_m1,selectivity-space sampling,0.157706,1.155434,selectivity-space sampling,0.157706,0.155434,True
68,119,2,1.169353,False,2667.760000,35583.833333,gt_results_sf1_qt8_10x10_m0,data-space sampling,44,1.183693,False,2890.214500,25930.880000,gt_results_sf1_qt8_10x10_m1,selectivity-space sampling,-0.014340,0.987885,data-space sampling,0.014340,0.012263,True
69,129,2,1.166413,False,3889.753333,47144.777778,gt_results_sf1_qt8_10x10_m0,data-space sampling,34,1.215459,False,3963.788000,33132.840000,gt_results_sf1_qt8_10x10_m1,selectivity-space sampling,-0.049046,0.959648,data-space sampling,0.049046,0.042049,True
70,43,1,1.166281,True,5111.746667,35583.833333,gt_results_sf1_qt8_10x10_m0,data-space sampling,114,1.076464,True,5091.417000,25930.880000,gt_results_sf1_qt8_10x10_m1,selectivity-space sampling,0.089817,1.083438,selectivity-space sampling,0.089817,0.083438,True
71,64,1,1.161167,True,7555.733333,47144.777778,gt_results_sf1_qt8_10x10_m0,data-space sampling,53,1.164443,False,7270.635000,33132.840000,gt_results_sf1_qt8_10x10_m1,selectivity-space sampling,-0.003276,0.997187,data-space sampling,0.003276,0.002821,False
72,110,2,1.160394,False,1445.766667,35583.833333,gt_results_sf1_qt8_10x10_m0,data-space sampling,54,1.163942,False,1770.717500,25930.880000,gt_results_sf1_qt8_10x10_m1,selectivity-space sampling,-0.003548,0.996952,data-space sampling,0.003548,0.003058,True
73,93,2,1.159213,False,-998.220000,47144.777778,gt_results_sf1_qt8_10x10_m0,data-space sampling,121,1.071547,False,-453.163000,33132.840000,gt_results_sf1_qt8_10x10_m1,selectivity-space sampling,0.087666,1.081812,selectivity-space sampling,0.087666,0.081812,True
74,33,1,1.159077,False,3889.753333,35583.833333,gt_results_sf1_qt8_10x10_m0,data-space sampling,96,1.095159,False,3963.788000,25930.880000,gt_results_sf1_qt8_10x10_m1,selectivity-space sampling,0.063918,1.058364,selectivity-space sampling,0.063918,0.058364,True
75,63,1,1.157141,False,7555.733333,35583.833333,gt_results_sf1_qt8_10x10_m0,data-space sampling,55,1.163177,False,7270.635000,25930.880000,gt_results_sf1_qt8_10x10_m1,selectivity-space sampling,-0.006036,0.994811,data-space sampling,0.006036,0.005216,True
76,65,1,1.151034,False,7555.733333,58705.722222,gt_results_sf1_qt8_10x10_m0,data-space sampling,101,1.091364,False,7270.635000,40321.260000,gt_results_sf1_qt8_10x10_m1,selectivity-space sampling,0.059670,1.054675,selectivity-space sampling,0.059670,0.054675,True
77,50,1,1.148515,False,6333.740000,901.000000,gt_results_sf1_qt8_10x10_m0,data-space sampling,176,1.004377,True,6136.231500,4285.170000,gt_results_sf1_qt8_10x10_m1,selectivity-space sampling,0.144138,1.143510,selectivity-space sampling,0.144138,0.143510,False
78,130,2,1.144609,False,3889.753333,58705.722222,gt_results_sf1_qt8_10x10_m0,data-space sampling,132,1.056779,False,3963.788000,40321.260000,gt_results_sf1_qt8_10x10_m1,selectivity-space sampling,0.087830,1.083111,selectivity-space sampling,0.087830,0.083111,True
79,132,2,1.143675,True,3889.753333,81827.611111,gt_results_sf1_qt8_10x10_m0,data-space sampling,110,1.078376,False,3963.788000,55158.940000,gt_results_sf1_qt8_10x10_m1,selectivity-space sampling,0.065299,1.060553,selectivity-space sampling,0.065299,0.060553,False
80,42,1,1.140095,True,5111.746667,24022.888889,gt_results_sf1_qt8_10x10_m0,data-space sampling,151,1.031325,True,5091.417000,18739.100000,gt_results_sf1_qt8_10x10_m1,selectivity-space sampling,0.108770,1.105466,selectivity-space sampling,0.108770,0.105466,True
81,166,2,1.138705,False,8777.726667,58705.722222,gt_results_sf1_qt8_10x10_m0,data-space sampling,59,1.152959,True,8347.116500,40321.260000,gt_results_sf1_qt8_10x10_m1,selectivity-space sampling,-0.014254,0.987637,data-space sampling,0.014254,0.012518,False
82,58,1,1.137784,False,6333.740000,93388.555556,gt_results_sf1_qt8_10x10_m0,data-space sampling,12,1.304948,False,6136.231500,64719.730000,gt_results_sf1_qt8_10x10_m1,selectivity-space sampling,-0.167164,0.871900,data-space sampling,0.167164,0.146921,True
83,34,1,1.137550,False,3889.753333,47144.777778,gt_results_sf1_qt8_10x10_m0,data-space sampling,30,1.224871,False,3963.788000,33132.840000,gt_results_sf1_qt8_10x10_m1,selectivity-space sampling,-0.087320,0.928710,data-space sampling,0.087320,0.076762,True
84,148,2,1.136705,True,6333.740000,58705.722222,gt_results_sf1_qt8_10x10_m0,data-space sampling,38,1.198856,False,6136.231500,40321.260000,gt_results_sf1_qt8_10x10_m1,selectivity-space sampling,-0.062151,0.948158,data-space sampling,0.062151,0.054676,False
85,32,1,1.136571,False,3889.753333,24022.888889,gt_results_sf1_qt8_10x10_m0,data-space sampling,108,1.082420,False,3963.788000,18739.100000,gt_results_sf1_qt8_10x10_m1,selectivity-space sampling,0.054152,1.050028,selectivity-space sampling,0.054152,0.050028,True
86,100,2,1.133450,False,223.773333,24022.888889,gt_results_sf1_qt8_10x10_m0,data-space sampling,115,1.076416,False,654.570500,18739.100000,gt_results_sf1_qt8_10x10_m1,selectivity-space sampling,0.057034,1.052985,selectivity-space sampling,0.057034,0.052985,True
87,138,2,1.133010,False,5111.746667,47144.777778,gt_results_sf1_qt8_10x10_m0,data-space sampling,139,1.047651,False,5091.417000,33132.840000,gt_results_sf1_qt8_10x10_m1,selectivity-space sampling,0.085359,1.081476,selectivity-space sampling,0.085359,0.081476,True
88,44,1,1.132882,True,5111.746667,47144.777778,gt_results_sf1_qt8_10x10_m0,data-space sampling,111,1.077765,True,5091.417000,33132.840000,gt_results_sf1_qt8_10x10_m1,selectivity-space sampling,0.055118,1.051141,selectivity-space sampling,0.055118,0.051141,True
89,66,1,1.132783,False,7555.733333,70266.666667,gt_results_sf1_qt8_10x10_m0,data-space sampling,107,1.082571,True,7270.635000,47521.750000,gt_results_sf1_qt8_10x10_m1,selectivity-space sampling,0.050212,1.046382,selectivity-space sampling,0.050212,0.046382,False
90,175,2,1.131686,False,9999.720000,58705.722222,gt_results_sf1_qt8_10x10_m0,data-space sampling,147,1.038639,True,9449.346500,40321.260000,gt_results_sf1_qt8_10x10_m1,selectivity-space sampling,0.093046,1.089585,selectivity-space sampling,0.093046,0.089585,False
91,55,1,1.127226,True,6333.740000,58705.722222,gt_results_sf1_qt8_10x10_m0,data-space sampling,79,1.120444,False,6136.231500,40321.260000,gt_results_sf1_qt8_10x10_m1,selectivity-space sampling,0.006782,1.006053,selectivity-space sampling,0.006782,0.006053,False
92,98,2,1.127192,False,-998.220000,104949.500000,gt_results_sf1_qt8_10x10_m0,data-space sampling,150,1.032218,False,-453.163000,79511.310000,gt_results_sf1_qt8_10x10_m1,selectivity-space sampling,0.094974,1.092010,selectivity-space sampling,0.094974,0.092010,True
93,157,2,1.126786,False,7555.733333,58705.722222,gt_results_sf1_qt8_10x10_m0,data-space sampling,78,1.123617,False,7270.635000,40321.260000,gt_results_sf1_qt8_10x10_m1,selectivity-space sampling,0.003169,1.002820,selectivity-space sampling,0.003169,0.002820,True
94,47,1,1.126036,True,5111.746667,81827.611111,gt_results_sf1_qt8_10x10_m0,data-space sampling,32,1.223241,True,5091.417000,55158.940000,gt_results_sf1_qt8_10x10_m1,selectivity-space sampling,-0.097205,0.920535,data-space sampling,0.097205,0.086325,True
95,51,1,1.125331,False,6333.740000,12461.944444,gt_results_sf1_qt8_10x10_m0,data-space sampling,49,1.177324,False,6136.231500,11531.250000,gt_results_sf1_qt8_10x10_m1,selectivity-space sampling,-0.051992,0.955839,data-space sampling,0.051992,0.046202,True
96,73,1,1.125145,True,8777.726667,35583.833333,gt_results_sf1_qt8_10x10_m0,data-space sampling,135,1.055555,False,8347.116500,25930.880000,gt_results_sf1_qt8_10x10_m1,selectivity-space sampling,0.069590,1.065927,selectivity-space sampling,0.069590,0.065927,False
97,48,1,1.124313,True,5111.746667,93388.555556,gt_results_sf1_qt8_10x10_m0,data-space sampling,56,1.163155,True,5091.417000,64719.730000,gt_results_sf1_qt8_10x10_m1,selectivity-space sampling,-0.038842,0.966606,data-space sampling,0.038842,0.034548,True
98,112,2,1.123227,False,1445.766667,58705.722222,gt_results_sf1_qt8_10x10_m0,data-space sampling,84,1.111999,False,1770.717500,40321.260000,gt_results_sf1_qt8_10x10_m1,selectivity-space sampling,0.011228,1.010097,selectivity-space sampling,0.011228,0.010097,True
99,176,2,1.117088,False,9999.720000,70266.666667,gt_results_sf1_qt8_10x10_m0,data-space sampling,180,1.001582,False,9449.346500,47521.750000,gt_results_sf1_qt8_10x10_m1,selectivity-space sampling,0.115506,1.115324,selectivity-space sampling,0.115506,0.115324,True
100,23,1,1.114083,False,2667.760000,35583.833333,gt_results_sf1_qt8_10x10_m0,data-space sampling,11,1.306272,False,2890.214500,25930.880000,gt_results_sf1_qt8_10x10_m1,selectivity-space sampling,-0.192189,0.852872,data-space sampling,0.192189,0.172508,True
101,67,1,1.113833,False,7555.733333,81827.611111,gt_results_sf1_qt8_10x10_m0,data-space sampling,98,1.093070,False,7270.635000,55158.940000,gt_results_sf1_qt8_10x10_m1,selectivity-space sampling,0.020763,1.018995,selectivity-space sampling,0.020763,0.018995,True
102,87,1,1.112407,True,9999.720000,81827.611111,gt_results_sf1_qt8_10x10_m0,data-space sampling,117,1.074524,False,9449.346500,55158.940000,gt_results_sf1_qt8_10x10_m1,selectivity-space sampling,0.037883,1.035256,selectivity-space sampling,0.037883,0.035256,False
103,109,2,1.112098,False,1445.766667,24022.888889,gt_results_sf1_qt8_10x10_m0,data-space sampling,87,1.107506,False,1770.717500,18739.100000,gt_results_sf1_qt8_10x10_m1,selectivity-space sampling,0.004591,1.004146,selectivity-space sampling,0.004591,0.004146,True
104,96,2,1.107116,False,-998.220000,81827.611111,gt_results_sf1_qt8_10x10_m0,data-space sampling,124,1.063286,False,-453.163000,55158.940000,gt_results_sf1_qt8_10x10_m1,selectivity-space sampling,0.043830,1.041221,selectivity-space sampling,0.043830,0.041221,True
105,22,1,1.105548,False,2667.760000,24022.888889,gt_results_sf1_qt8_10x10_m0,data-space sampling,17,1.284476,False,2890.214500,18739.100000,gt_results_sf1_qt8_10x10_m1,selectivity-space sampling,-0.178928,0.860700,data-space sampling,0.178928,0.161845,True
106,91,2,1.105393,False,-998.220000,24022.888889,gt_results_sf1_qt8_10x10_m0,data-space sampling,127,1.062117,False,-453.163000,18739.100000,gt_results_sf1_qt8_10x10_m1,selectivity-space sampling,0.043276,1.040745,selectivity-space sampling,0.043276,0.040745,True
107,165,2,1.104524,True,8777.726667,47144.777778,gt_results_sf1_qt8_10x10_m0,data-space sampling,23,1.252941,False,8347.116500,33132.840000,gt_results_sf1_qt8_10x10_m1,selectivity-space sampling,-0.148416,0.881546,data-space sampling,0.148416,0.134371,False
108,10,1,1.104396,True,1445.766667,901.000000,gt_results_sf1_qt8_10x10_m0,data-space sampling,136,1.054582,True,1770.717500,4285.170000,gt_results_sf1_qt8_10x10_m1,selectivity-space sampling,0.049814,1.047236,selectivity-space sampling,0.049814,0.047236,True
109,31,1,1.104238,False,3889.753333,12461.944444,gt_results_sf1_qt8_10x10_m0,data-space sampling,165,1.015310,False,3963.788000,11531.250000,gt_results_sf1_qt8_10x10_m1,selectivity-space sampling,0.088928,1.087587,selectivity-space sampling,0.088928,0.087587,True
110,62,1,1.101875,False,7555.733333,24022.888889,gt_results_sf1_qt8_10x10_m0,data-space sampling,62,1.151344,False,7270.635000,18739.100000,gt_results_sf1_qt8_10x10_m1,selectivity-space sampling,-0.049469,0.957033,data-space sampling,0.049469,0.044896,True
111,86,1,1.101333,True,9999.720000,70266.666667,gt_results_sf1_qt8_10x10_m0,data-space sampling,131,1.057662,False,9449.346500,47521.750000,gt_results_sf1_qt8_10x10_m1,selectivity-space sampling,0.043671,1.041290,selectivity-space sampling,0.043671,0.041290,False
112,167,2,1.101173,False,8777.726667,70266.666667,gt_results_sf1_qt8_10x10_m0,data-space sampling,143,1.044350,False,8347.116500,47521.750000,gt_results_sf1_qt8_10x10_m1,selectivity-space sampling,0.056823,1.054410,selectivity-space sampling,0.056823,0.054410,True
113,57,1,1.100657,False,6333.740000,81827.611111,gt_results_sf1_qt8_10x10_m0,data-space sampling,68,1.141944,True,6136.231500,55158.940000,gt_results_sf1_qt8_10x10_m1,selectivity-space sampling,-0.041287,0.963845,data-space sampling,0.041287,0.037512,False
114,102,2,1.099978,False,223.773333,47144.777778,gt_results_sf1_qt8_10x10_m0,data-space sampling,83,1.114103,False,654.570500,33132.840000,gt_results_sf1_qt8_10x10_m1,selectivity-space sampling,-0.014125,0.987321,data-space sampling,0.014125,0.012842,True
115,56,1,1.099269,False,6333.740000,70266.666667,gt_results_sf1_qt8_10x10_m0,data-space sampling,103,1.087109,True,6136.231500,47521.750000,gt_results_sf1_qt8_10x10_m1,selectivity-space sampling,0.012160,1.011186,selectivity-space sampling,0.012160,0.011186,False
116,69,1,1.095624,False,7555.733333,104949.500000,gt_results_sf1_qt8_10x10_m0,data-space sampling,119,1.073963,False,7270.635000,79511.310000,gt_results_sf1_qt8_10x10_m1,selectivity-space sampling,0.021660,1.020169,selectivity-space sampling,0.021660,0.020169,True
117,101,2,1.094233,False,223.773333,35583.833333,gt_results_sf1_qt8_10x10_m0,data-space sampling,82,1.114513,False,654.570500,25930.880000,gt_results_sf1_qt8_10x10_m1,selectivity-space sampling,-0.020279,0.981804,data-space sampling,0.020279,0.018533,True
118,49,1,1.092853,True,5111.746667,104949.500000,gt_results_sf1_qt8_10x10_m0,data-space sampling,155,1.024182,True,5091.417000,79511.310000,gt_results_sf1_qt8_10x10_m1,selectivity-space sampling,0.068671,1.067050,selectivity-space sampling,0.068671,0.067050,True
119,84,1,1.092377,True,9999.720000,47144.777778,gt_results_sf1_qt8_10x10_m0,data-space sampling,31,1.224210,True,9449.346500,33132.840000,gt_results_sf1_qt8_10x10_m1,selectivity-space sampling,-0.131833,0.892312,data-space sampling,0.131833,0.120685,True
120,122,2,1.091268,False,2667.760000,70266.666667,gt_results_sf1_qt8_10x10_m0,data-space sampling,22,1.253126,False,2890.214500,47521.750000,gt_results_sf1_qt8_10x10_m1,selectivity-space sampling,-0.161859,0.870836,data-space sampling,0.161859,0.148322,True
121,68,1,1.087475,False,7555.733333,93388.555556,gt_results_sf1_qt8_10x10_m0,data-space sampling,168,1.013977,False,7270.635000,64719.730000,gt_results_sf1_qt8_10x10_m1,selectivity-space sampling,0.073497,1.072484,selectivity-space sampling,0.073497,0.072484,True
122,85,1,1.085643,True,9999.720000,58705.722222,gt_results_sf1_qt8_10x10_m0,data-space sampling,91,1.102826,False,9449.346500,40321.260000,gt_results_sf1_qt8_10x10_m1,selectivity-space sampling,-0.017183,0.984420,data-space sampling,0.017183,0.015827,False
123,140,2,1.084017,True,5111.746667,70266.666667,gt_results_sf1_qt8_10x10_m0,data-space sampling,47,1.178152,False,5091.417000,47521.750000,gt_results_sf1_qt8_10x10_m1,selectivity-space sampling,-0.094135,0.920100,data-space sampling,0.094135,0.086839,False
124,52,1,1.083634,False,6333.740000,24022.888889,gt_results_sf1_qt8_10x10_m0,data-space sampling,133,1.056068,False,6136.231500,18739.100000,gt_results_sf1_qt8_10x10_m1,selectivity-space sampling,0.027567,1.026103,selectivity-space sampling,0.027567,0.026103,True
125,89,1,1.081436,True,9999.720000,104949.500000,gt_results_sf1_qt8_10x10_m0,data-space sampling,160,1.020825,False,9449.346500,79511.310000,gt_results_sf1_qt8_10x10_m1,selectivity-space sampling,0.060611,1.059374,selectivity-space sampling,0.060611,0.059374,False
126,97,2,1.079773,False,-998.220000,93388.555556,gt_results_sf1_qt8_10x10_m0,data-space sampling,146,1.040768,False,-453.163000,64719.730000,gt_results_sf1_qt8_10x10_m1,selectivity-space sampling,0.039005,1.037477,selectivity-space sampling,0.039005,0.037477,True
127,114,2,1.078320,False,1445.766667,81827.611111,gt_results_sf1_qt8_10x10_m0,data-space sampling,126,1.062858,False,1770.717500,55158.940000,gt_results_sf1_qt8_10x10_m1,selectivity-space sampling,0.015462,1.014548,selectivity-space sampling,0.015462,0.014548,True
128,88,1,1.074014,True,9999.720000,93388.555556,gt_results_sf1_qt8_10x10_m0,data-space sampling,77,1.126961,False,9449.346500,64719.730000,gt_results_sf1_qt8_10x10_m1,selectivity-space sampling,-0.052947,0.953018,data-space sampling,0.052947,0.049298,False
129,121,2,1.073215,False,2667.760000,58705.722222,gt_results_sf1_qt8_10x10_m0,data-space sampling,153,1.025590,False,2890.214500,40321.260000,gt_results_sf1_qt8_10x10_m1,selectivity-space sampling,0.047625,1.046437,selectivity-space sampling,0.047625,0.046437,True
130,72,1,1.067979,False,8777.726667,24022.888889,gt_results_sf1_qt8_10x10_m0,data-space sampling,142,1.045349,False,8347.116500,18739.100000,gt_results_sf1_qt8_10x10_m1,selectivity-space sampling,0.022630,1.021648,selectivity-space sampling,0.022630,0.021648,True
131,61,1,1.065302,False,7555.733333,12461.944444,gt_results_sf1_qt8_10x10_m0,data-space sampling,116,1.075255,False,7270.635000,11531.250000,gt_results_sf1_qt8_10x10_m1,selectivity-space sampling,-0.009953,0.990744,data-space sampling,0.009953,0.009343,True
132,53,1,1.064469,False,6333.740000,35583.833333,gt_results_sf1_qt8_10x10_m0,data-space sampling,158,1.021528,False,6136.231500,25930.880000,gt_results_sf1_qt8_10x10_m1,selectivity-space sampling,0.042941,1.042036,selectivity-space sampling,0.042941,0.042036,True
133,150,2,1.060522,False,6333.740000,81827.611111,gt_results_sf1_qt8_10x10_m0,data-space sampling,86,1.109271,True,6136.231500,55158.940000,gt_results_sf1_qt8_10x10_m1,selectivity-space sampling,-0.048749,0.956053,data-space sampling,0.048749,0.045967,False
134,78,1,1.059385,False,8777.726667,93388.555556,gt_results_sf1_qt8_10x10_m0,data-space sampling,166,1.015220,False,8347.116500,64719.730000,gt_results_sf1_qt8_10x10_m1,selectivity-space sampling,0.044166,1.043504,selectivity-space sampling,0.044166,0.043504,True
135,141,2,1.059185,False,5111.746667,81827.611111,gt_results_sf1_qt8_10x10_m0,data-space sampling,134,1.056005,True,5091.417000,55158.940000,gt_results_sf1_qt8_10x10_m1,selectivity-space sampling,0.003181,1.003012,selectivity-space sampling,0.003181,0.003012,False
136,106,2,1.058428,False,223.773333,93388.555556,gt_results_sf1_qt8_10x10_m0,data-space sampling,128,1.061323,False,654.570500,64719.730000,gt_results_sf1_qt8_10x10_m1,selectivity-space sampling,-0.002895,0.997272,data-space sampling,0.002895,0.002735,True
137,149,2,1.057132,False,6333.740000,70266.666667,gt_results_sf1_qt8_10x10_m0,data-space sampling,66,1.143100,True,6136.231500,47521.750000,gt_results_sf1_qt8_10x10_m1,selectivity-space sampling,-0.085967,0.924794,data-space sampling,0.085967,0.081321,False
138,70,1,1.056250,False,8777.726667,901.000000,gt_results_sf1_qt8_10x10_m0,data-space sampling,169,1.012671,False,8347.116500,4285.170000,gt_results_sf1_qt8_10x10_m1,selectivity-space sampling,0.043579,1.043033,selectivity-space sampling,0.043579,0.043033,True
139,111,2,1.055275,False,1445.766667,47144.777778,gt_results_sf1_qt8_10x10_m0,data-space sampling,81,1.115910,False,1770.717500,33132.840000,gt_results_sf1_qt8_10x10_m1,selectivity-space sampling,-0.060635,0.945663,data-space sampling,0.060635,0.057459,True
140,131,2,1.054480,False,3889.753333,70266.666667,gt_results_sf1_qt8_10x10_m0,data-space sampling,99,1.092847,False,3963.788000,47521.750000,gt_results_sf1_qt8_10x10_m1,selectivity-space sampling,-0.038366,0.964893,data-space sampling,0.038366,0.036384,True
141,113,2,1.054084,False,1445.766667,70266.666667,gt_results_sf1_qt8_10x10_m0,data-space sampling,51,1.171036,False,1770.717500,47521.750000,gt_results_sf1_qt8_10x10_m1,selectivity-space sampling,-0.116952,0.900129,data-space sampling,0.116952,0.110952,True
142,103,2,1.051604,False,223.773333,58705.722222,gt_results_sf1_qt8_10x10_m0,data-space sampling,92,1.102529,False,654.570500,40321.260000,gt_results_sf1_qt8_10x10_m1,selectivity-space sampling,-0.050925,0.953811,data-space sampling,0.050925,0.048426,True
143,76,1,1.050248,False,8777.726667,70266.666667,gt_results_sf1_qt8_10x10_m0,data-space sampling,173,1.010778,False,8347.116500,47521.750000,gt_results_sf1_qt8_10x10_m1,selectivity-space sampling,0.039470,1.039049,selectivity-space sampling,0.039470,0.039049,True
144,104,2,1.047474,False,223.773333,70266.666667,gt_results_sf1_qt8_10x10_m0,data-space sampling,170,1.012577,False,654.570500,47521.750000,gt_results_sf1_qt8_10x10_m1,selectivity-space sampling,0.034897,1.034464,selectivity-space sampling,0.034897,0.034464,True
145,41,1,1.044446,True,5111.746667,12461.944444,gt_results_sf1_qt8_10x10_m0,data-space sampling,157,1.022906,True,5091.417000,11531.250000,gt_results_sf1_qt8_10x10_m1,selectivity-space sampling,0.021540,1.021057,selectivity-space sampling,0.021540,0.021057,True
146,177,2,1.044261,False,9999.720000,81827.611111,gt_results_sf1_qt8_10x10_m0,data-space sampling,52,1.168583,False,9449.346500,55158.940000,gt_results_sf1_qt8_10x10_m1,selectivity-space sampling,-0.124322,0.893613,data-space sampling,0.124322,0.119053,True
147,159,2,1.042782,False,7555.733333,81827.611111,gt_results_sf1_qt8_10x10_m0,data-space sampling,80,1.120030,False,7270.635000,55158.940000,gt_results_sf1_qt8_10x10_m1,selectivity-space sampling,-0.077248,0.931030,data-space sampling,0.077248,0.074079,True
148,77,1,1.041267,False,8777.726667,81827.611111,gt_results_sf1_qt8_10x10_m0,data-space sampling,163,1.016026,False,8347.116500,55158.940000,gt_results_sf1_qt8_10x10_m1,selectivity-space sampling,0.025241,1.024843,selectivity-space sampling,0.025241,0.024843,True
149,92,2,1.040968,False,-998.220000,35583.833333,gt_results_sf1_qt8_10x10_m0,data-space sampling,138,1.047999,False,-453.163000,25930.880000,gt_results_sf1_qt8_10x10_m1,selectivity-space sampling,-0.007031,0.993291,data-space sampling,0.007031,0.006754,True
150,158,2,1.040370,False,7555.733333,70266.666667,gt_results_sf1_qt8_10x10_m0,data-space sampling,72,1.133890,True,7270.635000,47521.750000,gt_results_sf1_qt8_10x10_m1,selectivity-space sampling,-0.093520,0.917523,data-space sampling,0.093520,0.089891,False
151,71,1,1.038825,True,8777.726667,12461.944444,gt_results_sf1_qt8_10x10_m0,data-space sampling,175,1.005918,True,8347.116500,11531.250000,gt_results_sf1_qt8_10x10_m1,selectivity-space sampling,0.032907,1.032714,selectivity-space sampling,0.032907,0.032714,True
152,123,2,1.037520,False,2667.760000,81827.611111,gt_results_sf1_qt8_10x10_m0,data-space sampling,154,1.025056,False,2890.214500,55158.940000,gt_results_sf1_qt8_10x10_m1,selectivity-space sampling,0.012463,1.012159,selectivity-space sampling,0.012463,0.012159,True
153,116,2,1.036364,False,1445.766667,104949.500000,gt_results_sf1_qt8_10x10_m0,data-space sampling,122,1.070354,False,1770.717500,79511.310000,gt_results_sf1_qt8_10x10_m1,selectivity-space sampling,-0.033990,0.968244,data-space sampling,0.033990,0.032797,True
154,161,2,1.035301,False,7555.733333,104949.500000,gt_results_sf1_qt8_10x10_m0,data-space sampling,156,1.023566,False,7270.635000,79511.310000,gt_results_sf1_qt8_10x10_m1,selectivity-space sampling,0.011735,1.011465,selectivity-space sampling,0.011735,0.011465,True
155,168,2,1.033865,False,8777.726667,81827.611111,gt_results_sf1_qt8_10x10_m0,data-space sampling,64,1.150245,False,8347.116500,55158.940000,gt_results_sf1_qt8_10x10_m1,selectivity-space sampling,-0.116380,0.898821,data-space sampling,0.116380,0.112568,True
156,151,2,1.030400,False,6333.740000,93388.555556,gt_results_sf1_qt8_10x10_m0,data-space sampling,40,1.193419,False,6136.231500,64719.730000,gt_results_sf1_qt8_10x10_m1,selectivity-space sampling,-0.163019,0.863402,data-space sampling,0.163019,0.158209,True
157,94,2,1.030207,False,-998.220000,58705.722222,gt_results_sf1_qt8_10x10_m0,data-space sampling,177,1.004161,False,-453.163000,40321.260000,gt_results_sf1_qt8_10x10_m1,selectivity-space sampling,0.026046,1.025938,selectivity-space sampling,0.026046,0.025938,True
158,80,1,1.029586,False,9999.720000,901.000000,gt_results_sf1_qt8_10x10_m0,data-space sampling,148,1.038095,False,9449.346500,4285.170000,gt_results_sf1_qt8_10x10_m1,selectivity-space sampling,-0.008509,0.991804,data-space sampling,0.008509,0.008264,True
159,21,1,1.029093,False,2667.760000,12461.944444,gt_results_sf1_qt8_10x10_m0,data-space sampling,28,1.236362,False,2890.214500,11531.250000,gt_results_sf1_qt8_10x10_m1,selectivity-space sampling,-0.207270,0.832355,data-space sampling,0.207270,0.201410,True
160,107,2,1.028245,False,223.773333,104949.500000,gt_results_sf1_qt8_10x10_m0,data-space sampling,70,1.134698,False,654.570500,79511.310000,gt_results_sf1_qt8_10x10_m1,selectivity-space sampling,-0.106453,0.906183,data-space sampling,0.106453,0.103529,True
161,152,2,1.027600,False,6333.740000,104949.500000,gt_results_sf1_qt8_10x10_m0,data-space sampling,123,1.063903,False,6136.231500,79511.310000,gt_results_sf1_qt8_10x10_m1,selectivity-space sampling,-0.036302,0.965878,data-space sampling,0.036302,0.035327,True
162,124,2,1.027563,False,2667.760000,93388.555556,gt_results_sf1_qt8_10x10_m0,data-space sampling,106,1.083804,False,2890.214500,64719.730000,gt_results_sf1_qt8_10x10_m1,selectivity-space sampling,-0.056241,0.948108,data-space sampling,0.056241,0.054732,True
163,169,2,1.023520,False,8777.726667,93388.555556,gt_results_sf1_qt8_10x10_m0,data-space sampling,145,1.043882,False,8347.116500,64719.730000,gt_results_sf1_qt8_10x10_m1,selectivity-space sampling,-0.020362,0.980494,data-space sampling,0.020362,0.019894,True
164,134,2,1.022307,False,3889.753333,104949.500000,gt_results_sf1_qt8_10x10_m0,data-space sampling,18,1.282798,True,3963.788000,79511.310000,gt_results_sf1_qt8_10x10_m1,selectivity-space sampling,-0.260491,0.796935,data-space sampling,0.260491,0.254807,False
165,170,2,1.018615,False,8777.726667,104949.500000,gt_results_sf1_qt8_10x10_m0,data-space sampling,93,1.100729,False,8347.116500,79511.310000,gt_results_sf1_qt8_10x10_m1,selectivity-space sampling,-0.082114,0.925400,data-space sampling,0.082114,0.080614,True
166,74,1,1.018464,False,8777.726667,47144.777778,gt_results_sf1_qt8_10x10_m0,data-space sampling,141,1.046823,False,8347.116500,33132.840000,gt_results_sf1_qt8_10x10_m1,selectivity-space sampling,-0.028359,0.972909,data-space sampling,0.028359,0.027845,True
167,115,2,1.017338,False,1445.766667,93388.555556,gt_results_sf1_qt8_10x10_m0,data-space sampling,140,1.047564,False,1770.717500,64719.730000,gt_results_sf1_qt8_10x10_m1,selectivity-space sampling,-0.030226,0.971146,data-space sampling,0.030226,0.029711,True
168,83,1,1.014262,True,9999.720000,35583.833333,gt_results_sf1_qt8_10x10_m0,data-space sampling,45,1.183594,True,9449.346500,25930.880000,gt_results_sf1_qt8_10x10_m1,selectivity-space sampling,-0.169332,0.856934,data-space sampling,0.169332,0.166951,True
169,178,2,1.011947,False,9999.720000,93388.555556,gt_results_sf1_qt8_10x10_m0,data-space sampling,97,1.094823,False,9449.346500,64719.730000,gt_results_sf1_qt8_10x10_m1,selectivity-space sampling,-0.082876,0.924302,data-space sampling,0.082876,0.081898,True
170,179,2,1.011624,False,9999.720000,104949.500000,gt_results_sf1_qt8_10x10_m0,data-space sampling,178,1.002944,False,9449.346500,79511.310000,gt_results_sf1_qt8_10x10_m1,selectivity-space sampling,0.008680,1.008654,selectivity-space sampling,0.008680,0.008654,True
171,125,2,1.011220,False,2667.760000,104949.500000,gt_results_sf1_qt8_10x10_m0,data-space sampling,125,1.062960,False,2890.214500,79511.310000,gt_results_sf1_qt8_10x10_m1,selectivity-space sampling,-0.051740,0.951324,data-space sampling,0.051740,0.051166,True
172,105,2,1.010865,False,223.773333,81827.611111,gt_results_sf1_qt8_10x10_m0,data-space sampling,120,1.073818,False,654.570500,55158.940000,gt_results_sf1_qt8_10x10_m1,selectivity-space sampling,-0.062953,0.941374,data-space sampling,0.062953,0.062277,True
173,75,1,1.007803,False,8777.726667,58705.722222,gt_results_sf1_qt8_10x10_m0,data-space sampling,118,1.074160,True,8347.116500,40321.260000,gt_results_sf1_qt8_10x10_m1,selectivity-space sampling,-0.066356,0.938225,data-space sampling,0.066356,0.065843,False
174,81,1,1.007233,False,9999.720000,12461.944444,gt_results_sf1_qt8_10x10_m0,data-space sampling,162,1.018113,False,9449.346500,11531.250000,gt_results_sf1_qt8_10x10_m1,selectivity-space sampling,-0.010880,0.989314,data-space sampling,0.010880,0.010802,True
175,143,2,1.006338,False,5111.746667,104949.500000,gt_results_sf1_qt8_10x10_m0,data-space sampling,76,1.129531,False,5091.417000,79511.310000,gt_results_sf1_qt8_10x10_m1,selectivity-space sampling,-0.123193,0.890934,data-space sampling,0.123193,0.122417,True
176,160,2,1.006015,False,7555.733333,93388.555556,gt_results_sf1_qt8_10x10_m0,data-space sampling,113,1.076754,False,7270.635000,64719.730000,gt_results_sf1_qt8_10x10_m1,selectivity-space sampling,-0.070738,0.934304,data-space sampling,0.070738,0.070315,True
177,79,1,1.004563,False,8777.726667,104949.500000,gt_results_sf1_qt8_10x10_m0,data-space sampling,130,1.059265,False,8347.116500,79511.310000,gt_results_sf1_qt8_10x10_m1,selectivity-space sampling,-0.054702,0.948359,data-space sampling,0.054702,0.054453,True
178,142,2,1.003234,False,5111.746667,93388.555556,gt_results_sf1_qt8_10x10_m0,data-space sampling,144,1.044346,True,5091.417000,64719.730000,gt_results_sf1_qt8_10x10_m1,selectivity-space sampling,-0.041112,0.960634,data-space sampling,0.041112,0.040979,False
179,133,2,1.001699,True,3889.753333,93388.555556,gt_results_sf1_qt8_10x10_m0,data-space sampling,95,1.098295,False,3963.788000,64719.730000,gt_results_sf1_qt8_10x10_m1,selectivity-space sampling,-0.096596,0.912049,data-space sampling,0.096596,0.096432,False
180,82,1,1.000050,True,9999.720000,24022.888889,gt_results_sf1_qt8_10x10_m0,data-space sampling,109,1.080139,True,9449.346500,18739.100000,gt_results_sf1_qt8_10x10_m1,selectivity-space sampling,-0.080089,0.925853,data-space sampling,0.080089,0.080085,True
